<?xml version="1.0" encoding="UTF-8"?>
<configuration>
    <property name="LOG_HOME" value="/opt/module/app_log/log" />
    <appender name="rollingFile" class="ch.qos.logback.core.rolling.RollingFileAppender">
        <rollingPolicy class="ch.qos.logback.core.rolling.TimeBasedRollingPolicy">
            <fileNamePattern>${LOG_HOME}/app.%d{yyyy-MM-dd}.log</fileNamePattern>
        </rollingPolicy>
        <encoder>
            <pattern>%msg%n</pattern>
        </encoder>
    </appender>

    <!-- 将某一个包下日志单独打印日志 -->
    <logger name="com.atguigu.gmall2020.mock.log.util.LogUtil"
            level="INFO" additivity="false">
        <appender-ref ref="rollingFile" />
    </logger>

    <root level="error"  >
    </root>
</configuration>
